"filename", "language", "Python", "comment", "blank", "total"
"/Users/neoone/code/Zotero/paperflow/__init__.py", "Python", 3, 1, 3, 7
"/Users/neoone/code/Zotero/paperflow/config.py", "Python", 86, 2, 18, 106
"/Users/neoone/code/Zotero/paperflow/pipeline.py", "Python", 14, 2, 7, 23
"/Users/neoone/code/Zotero/paperflow/stages.py", "Python", 174, 6, 33, 213
"/Users/neoone/code/Zotero/paperflow/state.py", "Python", 36, 1, 8, 45
"/Users/neoone/code/Zotero/scripts/awesome_vla_to_ris.py", "Python", -389, -13, -69, -471
"/Users/neoone/code/Zotero/scripts/delete_collection_notes.py", "Python", -149, -16, -25, -190
"/Users/neoone/code/Zotero/scripts/enrich_zotero_abstracts.py", "Python", -318, -11, -62, -391
"/Users/neoone/code/Zotero/scripts/import_embodied_ai_to_zotero.py", "Python", -305, -36, -32, -373
"/Users/neoone/code/Zotero/scripts/import_ris_folder.py", "Python", -189, -23, -33, -245
"/Users/neoone/code/Zotero/scripts/list_zotero_collections.py", "Python", -226, -9, -37, -272
"/Users/neoone/code/Zotero/scripts/merge_zotero_duplicates.py", "Python", -339, -11, -63, -413
"/Users/neoone/code/Zotero/scripts/summarize_zotero_with_doubao.py", "Python", -254, -388, -51, -693
"/Users/neoone/code/Zotero/scripts/sync_zotero_to_notion.py", "Python", -594, -47, -82, -723
"/Users/neoone/code/Zotero/scripts/utils_sources.py", "Python", -182, -3, -26, -211
"/Users/neoone/code/Zotero/scripts/watch_and_import_papers.py", "Python", -383, -36, -53, -472
"Total", "-", -3015, -581, -464, -4060